X,Y,Z,Name,Confidence,N frame
362861.0797177273,5107815.177659348,183.94004587315766,speedlimit10(mandatory),0.55,198
362861.1031186936,5107815.169392037,183.93860625963111,speedlimit30(mandatory),0.55,199
362861.17152719025,5107815.145531471,183.91544612891218,zebracrossing(indication),0.55,200
362847.5966742491,5107741.026355,184.08182848185334,trafficpriority(indication),0.55,241
