X,Y,Z,Name,Confidence,N frame
362804.15257192316,5108148.426999218,187.67706824740537,speedlimit30(mandatory),0.65,20
